{
  "a": 1.0490833520889282,
  "b": -0.04992615059018135
}